{
  "exportDate": "2025-08-11T14:13:19.782Z",
  "totalMeshes": 9,
  "meshes": [
    {
      "index": 1,
      "filename": "grass_1_Object_4.glb",
      "originalName": "Object_4",
      "boundingBox": {
        "min": {
          "x": -0.37201520800590515,
          "y": -0.04047614708542824,
          "z": -0.2789289057254791
        },
        "max": {
          "x": 0.37676262855529785,
          "y": 0.24623368680477142,
          "z": 0.3641220033168793
        },
        "size": {
          "width": 0.748777836561203,
          "height": 0.28670983389019966,
          "depth": 0.6430509090423584
        },
        "center": {
          "x": 0.00237371027469635,
          "y": 0.10287876985967159,
          "z": 0.04259654879570007
        }
      },
      "vertexCount": 60,
      "materialName": "WheatGrass_Low"
    },
    {
      "index": 2,
      "filename": "grass_2_Object_6.glb",
      "originalName": "Object_6",
      "boundingBox": {
        "min": {
          "x": -0.24949076771736145,
          "y": -0.000941077945753932,
          "z": -0.23962853848934174
        },
        "max": {
          "x": 0.2338353842496872,
          "y": 0.2160893678665161,
          "z": 0.2515702247619629
        },
        "size": {
          "width": 0.48332615196704865,
          "height": 0.21703044581227005,
          "depth": 0.4911987632513046
        },
        "center": {
          "x": -0.007827691733837128,
          "y": 0.10757414496038109,
          "z": 0.005970843136310577
        }
      },
      "vertexCount": 800,
      "materialName": "Wheatgrass_Mat"
    },
    {
      "index": 3,
      "filename": "grass_3_Object_8.glb",
      "originalName": "Object_8",
      "boundingBox": {
        "min": {
          "x": -0.2427392303943634,
          "y": -0.0007690781494602561,
          "z": -0.22545459866523743
        },
        "max": {
          "x": 0.2086879014968872,
          "y": 0.21614889800548553,
          "z": 0.2198086977005005
        },
        "size": {
          "width": 0.4514271318912506,
          "height": 0.2169179761549458,
          "depth": 0.4452632963657379
        },
        "center": {
          "x": -0.017025664448738098,
          "y": 0.10768990992801264,
          "z": -0.0028229504823684692
        }
      },
      "vertexCount": 200,
      "materialName": "Wheatgrass_Mat"
    },
    {
      "index": 4,
      "filename": "grass_4_Object_10.glb",
      "originalName": "Object_10",
      "boundingBox": {
        "min": {
          "x": -0.12252721935510635,
          "y": -0.007629350293427706,
          "z": -0.1049371287226677
        },
        "max": {
          "x": 0.11316438019275665,
          "y": 0.21456928551197052,
          "z": 0.09608447551727295
        },
        "size": {
          "width": 0.235691599547863,
          "height": 0.22219863580539823,
          "depth": 0.20102160423994064
        },
        "center": {
          "x": -0.0046814195811748505,
          "y": 0.10346996760927141,
          "z": -0.0044263266026973724
        }
      },
      "vertexCount": 40,
      "materialName": "Grass_C"
    },
    {
      "index": 5,
      "filename": "grass_5_Object_12.glb",
      "originalName": "Object_12",
      "boundingBox": {
        "min": {
          "x": -0.2866021394729614,
          "y": -0.008510182611644268,
          "z": -0.2772585451602936
        },
        "max": {
          "x": 0.2832048237323761,
          "y": 0.24038109183311462,
          "z": 0.3000270426273346
        },
        "size": {
          "width": 0.5698069632053375,
          "height": 0.2488912744447589,
          "depth": 0.5772855877876282
        },
        "center": {
          "x": -0.0016986578702926636,
          "y": 0.11593545461073518,
          "z": 0.011384248733520508
        }
      },
      "vertexCount": 160,
      "materialName": "Grass_C"
    },
    {
      "index": 6,
      "filename": "grass_6_Object_14.glb",
      "originalName": "Object_14",
      "boundingBox": {
        "min": {
          "x": -0.1645684540271759,
          "y": -0.027782389894127846,
          "z": -0.20776773989200592
        },
        "max": {
          "x": 0.16073833405971527,
          "y": 0.25049519538879395,
          "z": 0.17033492028713226
        },
        "size": {
          "width": 0.3253067880868912,
          "height": 0.2782775852829218,
          "depth": 0.3781026601791382
        },
        "center": {
          "x": -0.0019150599837303162,
          "y": 0.11135640274733305,
          "z": -0.01871640980243683
        }
      },
      "vertexCount": 44,
      "materialName": "Grass_A"
    },
    {
      "index": 7,
      "filename": "grass_7_Object_16.glb",
      "originalName": "Object_16",
      "boundingBox": {
        "min": {
          "x": -0.18201060593128204,
          "y": -0.007210214156657457,
          "z": -0.13346555829048157
        },
        "max": {
          "x": 0.17659057676792145,
          "y": 0.36282217502593994,
          "z": 0.1603015810251236
        },
        "size": {
          "width": 0.3586011826992035,
          "height": 0.3700323891825974,
          "depth": 0.29376713931560516
        },
        "center": {
          "x": -0.002710014581680298,
          "y": 0.17780598043464124,
          "z": 0.013418011367321014
        }
      },
      "vertexCount": 24,
      "materialName": "Grass_B"
    },
    {
      "index": 8,
      "filename": "grass_8_Object_18.glb",
      "originalName": "Object_18",
      "boundingBox": {
        "min": {
          "x": -0.2686253786087036,
          "y": -0.014890743419528008,
          "z": -0.21049468219280243
        },
        "max": {
          "x": 0.21035504341125488,
          "y": 0.3028181493282318,
          "z": 0.2668420970439911
        },
        "size": {
          "width": 0.4789804220199585,
          "height": 0.3177088927477598,
          "depth": 0.4773367792367935
        },
        "center": {
          "x": -0.029135167598724365,
          "y": 0.1439637029543519,
          "z": 0.02817370742559433
        }
      },
      "vertexCount": 60,
      "materialName": "Grass_A"
    },
    {
      "index": 9,
      "filename": "grass_9_Object_20.glb",
      "originalName": "Object_20",
      "boundingBox": {
        "min": {
          "x": -0.2686253786087036,
          "y": -0.014890743419528008,
          "z": -0.21049468219280243
        },
        "max": {
          "x": 0.21035504341125488,
          "y": 0.3028181493282318,
          "z": 0.2668420970439911
        },
        "size": {
          "width": 0.4789804220199585,
          "height": 0.3177088927477598,
          "depth": 0.4773367792367935
        },
        "center": {
          "x": -0.029135167598724365,
          "y": 0.1439637029543519,
          "z": 0.02817370742559433
        }
      },
      "vertexCount": 60,
      "materialName": "Grass_B"
    }
  ]
}
